
<workflow-app name="ExtractUFOData" xmlns="uri:oozie:workflow:0.4">
    <start to="ExecPython"/>
    <action name="ExecPython">
        <shell xmlns="uri:oozie:shell-action:0.1">
            <job-tracker>${jobTracker}</job-tracker>
            <name-node>${nameNode}</name-node>
            <exec>ParseUFOHtml.py</exec>
            <file>/user/cloudera/Scripts/ParseUFOHtml.py#ParseUFOHtml.py</file>
        </shell>
        <ok to="end"/>
        <error to="kill"/>
    </action>
    <kill name="kill">
        <message>Action failed, error message[${wf:errorMessage(wf:lastErrorNode())}]</message>
    </kill>
    <end name="end"/>
</workflow-app>
